recv_timestamp,chunk_id,step_in_chunk,total_steps,raw_q1,raw_q2,raw_q3,raw_q4,raw_q5,raw_q6,raw_gripper
1777277225.0326915,1,0,16,1.2813587538908364,-1.7283151415695972,-0.7693688499005242,-1.699548890197433,1.5830728823590412,-0.12928539913684323,0.003079099528133869
1777277225.0326915,1,1,16,1.2799594241876844,-1.7287399409555884,-0.7705899522038819,-1.699818933236894,1.5822492731249989,-0.12701068697547713,0.004864260949194432
1777277225.0326915,1,2,16,1.2796369536903507,-1.7290241251033245,-0.7680337550916776,-1.6977339533101539,1.580820141375576,-0.12731238916806664,0.002245187912911177
1777277225.0326915,1,3,16,1.277877981949171,-1.728797938765733,-0.7679895962890182,-1.698400610962167,1.581996617629565,-0.12638812573934421,0.0027544082475006583
1777277225.0326915,1,4,16,1.277488451761477,-1.7288822635182515,-0.7694883116155171,-1.7000003660251057,1.581788934053756,-0.12906586016811683,0.0028876279149055483
1777277225.0326915,1,5,16,1.2752767943022985,-1.7294696684808746,-0.7701908518325984,-1.7008457666925263,1.5822562085535674,-0.12687841001223654,0.0016952955036163332
1777277225.0326915,1,6,16,1.2751708570517246,-1.728249904703962,-0.7678299763968361,-1.7006052096530513,1.5821850662277033,-0.12698402763156413,0.0014148220683038236
1777277225.0326915,1,7,16,1.2745838222965313,-1.72944484398398,-0.7701409706162914,-1.702142338685038,1.5815032810895857,-0.1258848031534453,0.0017414501143991948
1777277225.0326915,1,8,16,1.2726200625968254,-1.7332060284353963,-0.7706028656152101,-1.7011418447027156,1.5817038125046834,-0.1239501068865766,-0.0003847310099601746
1777277225.0326915,1,9,16,1.2698319017721822,-1.743906974408609,-0.7697335145082661,-1.6965005656033267,1.5810471412036093,-0.12627638958206944,0.00032132428836822513
1777277225.0326915,1,10,16,1.2599040164485793,-1.7774030402650276,-0.7691843653614321,-1.6702271186035078,1.5843293056821945,-0.12505173507603184,-0.00011835126793384553
1777277225.0326915,1,11,16,1.2437992906046764,-1.817249055353204,-0.767048385846095,-1.6214975197174115,1.5963736255947412,-0.13181665285356903,-0.00023288859772682192
1777277225.0326915,1,12,16,1.22231414008367,-1.861411049959224,-0.7705090788003874,-1.5656664131237772,1.6196566720451595,-0.15725942747141874,-0.0018218109828829767
1777277225.0326915,1,13,16,1.20192576326557,-1.9022839865324128,-0.7738546145101297,-1.519401559634124,1.643439150627073,-0.2108546513607703,-0.0008876941022872925
1777277225.0326915,1,14,16,1.181649688463176,-1.9429630222725682,-0.771896941352779,-1.4841601563527649,1.658914773823948,-0.27623618242931036,-0.0015787916119694712
1777277225.0326915,1,15,16,1.1665490535309528,-1.9692369863698151,-0.7690766523187065,-1.467734119840617,1.6632638022753166,-0.3281300157309009,-8.122496384382248e-05
1777277226.592573,2,0,16,1.1530255696860328,-2.0117846045006256,-0.7531007352342844,-1.4470378719872077,1.6795966751891969,-0.37362530022254914,-5.863929891586304e-05
1777277226.592573,2,1,16,1.1532449572346817,-2.0272113219961256,-0.7346342531900274,-1.458283456828789,1.6808689199587723,-0.3755015061802316,-0.000577156107723713
1777277226.592573,2,2,16,1.1525250498053403,-2.0617466362197834,-0.6990279775327893,-1.4741510863566873,1.6823638299135257,-0.37681921345088365,0.000768955481261015
1777277226.592573,2,3,16,1.150691538134367,-2.1011225566054206,-0.6614765370028989,-1.4856785390879828,1.6858234980170392,-0.37548854070696247,-0.00018855156683921816
1777277226.592573,2,4,16,1.1479055426421918,-2.1413192902735183,-0.6270110979354689,-1.4969183383805134,1.6916294270236232,-0.37642919307661504,0.0017366528953313828
1777277226.592573,2,5,16,1.1451154133334873,-2.1752966508805938,-0.6010579770522543,-1.5025189528632767,1.702884543929792,-0.37593475693868705,0.00048013905626535417
1777277226.592573,2,6,16,1.1443025606483777,-2.2025349971697823,-0.588893391658631,-1.4995187396770655,1.713411765934469,-0.3777621602722665,0.00010595596897602082
1777277226.592573,2,7,16,1.1444745733472812,-2.2226981569651207,-0.5894230947272296,-1.4958290311452203,1.721608196292766,-0.37838020544467643,0.0012394703029990196
1777277226.592573,2,8,16,1.1468344904643548,-2.2369519596654674,-0.6006553824637878,-1.4904458315057294,1.7268229341969101,-0.3733486548996484,-4.0880649447441106e-05
1777277226.592573,2,9,16,1.1514766680022779,-2.2513400946502475,-0.6099454931365891,-1.4849142883585622,1.7307312107444388,-0.3677060517970072,0.001762099013864994
1777277226.592573,2,10,16,1.1571118801330689,-2.2671061087253785,-0.6139940754717,-1.4791071703750345,1.7313634454964157,-0.3633951047747431,0.0024163979797661305
1777277226.592573,2,11,16,1.1630396418034596,-2.2817900205906256,-0.6166823438652528,-1.4744506407713498,1.7322862909603287,-0.3624838796590273,0.0019776461116075518
1777277226.592573,2,12,16,1.1649614071765213,-2.2964350396058553,-0.6188095118763893,-1.463948930361436,1.732725552830687,-0.361420128133055,0.001633616972744465
1777277226.592573,2,13,16,1.16356434123004,-2.312941861741682,-0.6230282980368885,-1.4479884275461454,1.7330882811631299,-0.3580367951674368,0.0018379904235899449
1777277226.592573,2,14,16,1.1621946700200807,-2.328315225349427,-0.6298630374875027,-1.426437714086297,1.736748832871473,-0.35589115502086277,0.0018883761219978333
1777277226.592573,2,15,16,1.1592402379083802,-2.337526718582216,-0.6311770657115944,-1.4134857475277816,1.7413943238026326,-0.3574119030597048,0.004618112957149745
1777277227.9346936,3,0,16,1.1622874422590057,-2.329117972782286,-0.6323200312744165,-1.433476580830234,1.7395123972986815,-0.3578779266045341,-0.000715947700381279
1777277227.9346936,3,1,16,1.1623732353560174,-2.3293398566623686,-0.6353858776870392,-1.4327007590027123,1.7404919453094465,-0.35842655550713776,0.0023924714772105217
1777277227.9346936,3,2,16,1.1601836577263946,-2.332261566775543,-0.6325927321371703,-1.4305791372653176,1.7412018514430885,-0.3597287843335779,-0.0010061049630045891
1777277227.9346936,3,3,16,1.158827405016121,-2.3380946235427342,-0.632524164455059,-1.427980309232104,1.742864945540631,-0.3589738004547295,0.003205078672349453
1777277227.9346936,3,4,16,1.1606222031672189,-2.347826679987567,-0.6322295361134618,-1.4185577813466446,1.7433740764355148,-0.36243306884665727,0.00019892071115970613
1777277227.9346936,3,5,16,1.163118372189413,-2.358891815330282,-0.6288145718275198,-1.4102934290303537,1.74326042751815,-0.36706345453758427,0.0011885780659317972
1777277227.9346936,3,6,16,1.165462443009792,-2.3699481238058064,-0.6293471107825278,-1.402197263639974,1.7421292753735176,-0.36538741217846193,0.00015503062614798547
1777277227.9346936,3,7,16,1.168196667371151,-2.3783688185192298,-0.6280270562998163,-1.3966771393396176,1.7433424064511525,-0.3646019084496146,-0.0008039066487550736
1777277227.9346936,3,8,16,1.173412329932311,-2.387430715987377,-0.6283034033022392,-1.385978542635475,1.7428828801254452,-0.36536213678956075,0.002008008634775877
1777277227.9346936,3,9,16,1.180828856098379,-2.397035747496244,-0.6260459364387598,-1.374283055229559,1.742576583424676,-0.36609519590743156,0.0033839762082695964
1777277227.9346936,3,10,16,1.1852571906510927,-2.4060831327069216,-0.6261704622366264,-1.3613824481064758,1.7410208801038758,-0.3682707003463671,0.0024614203276634218
1777277227.9346936,3,11,16,1.1906487044550758,-2.4161061513773916,-0.6240875543098068,-1.3492746642050548,1.7394095308054194,-0.366425888315533,0.003231210107892752
1777277227.9346936,3,12,16,1.1951141121242803,-2.4256441704032388,-0.6252441908381811,-1.3392837822510133,1.7383154669487184,-0.3651854275864651,0.0030232610900402072
1777277227.9346936,3,13,16,1.1986819238695297,-2.433574077642296,-0.6264764847646898,-1.3320822961958454,1.7364075197128819,-0.36184106388039194,0.004534385096400977
1777277227.9346936,3,14,16,1.2008796707080074,-2.439857629027821,-0.6291728050500118,-1.3219709834707756,1.7352784807066413,-0.3600112568354761,0.0033709849814772606
1777277227.9346936,3,15,16,1.2010231075799518,-2.4374771236787853,-0.6345739026390553,-1.3190584670280692,1.7322062213083285,-0.3623877989498214,0.006830405653595925
1777277229.2269104,4,0,16,1.201907846885537,-2.4353714000075,-0.6305597278259769,-1.3333293602486487,1.7354189021786786,-0.3594489601109443,-0.002219950369119644
1777277229.2269104,4,1,16,1.199328706260153,-2.435773082221005,-0.6308326818928744,-1.3339114676838337,1.7365971935643634,-0.36233166556094976,-0.0006916338447332382
1777277229.2269104,4,2,16,1.1987803522167673,-2.43617735956761,-0.6307760148055166,-1.3354138834215166,1.736332509435006,-0.36279354233622985,-0.0006449131025075913
1777277229.2269104,4,3,16,1.19791631894606,-2.436708183799347,-0.6305541573348158,-1.3312580321876506,1.735374634638518,-0.36859843237394807,0.0027919219046831133
1777277229.2269104,4,4,16,1.1977565764644729,-2.4417078101567014,-0.6349243089324126,-1.3340374810021915,1.7350428719109732,-0.3665214800998058,0.003137440863132477
1777277229.2269104,4,5,16,1.198363985029702,-2.447101691866385,-0.6318524869019988,-1.3312563066730214,1.7368332690508752,-0.3625066994500836,0.0018181758230924607
1777277229.2269104,4,6,16,1.198094532369757,-2.453450650849986,-0.6322724512947224,-1.3289456903333052,1.7365278392786772,-0.36000815077548065,0.0009494024295508862
1777277229.2269104,4,7,16,1.1977335123928863,-2.4639921156502336,-0.6303447068671557,-1.3262189712158134,1.736377074981863,-0.3510106222048335,-0.0004486740666031838
1777277229.2269104,4,8,16,1.1991147648507405,-2.4709961067162647,-0.6300157440436742,-1.3241142493716986,1.7353803509487835,-0.3544295738020732,0.00020190035033226014
1777277229.2269104,4,9,16,1.2011928606663496,-2.4764647009420484,-0.6283175544927766,-1.3225922947183621,1.7344978718464612,-0.3607769742044479,-0.00066028804063797
1777277229.2269104,4,10,16,1.2032723016127336,-2.4843555445986474,-0.6280034800729439,-1.3209957369325305,1.7339509211926643,-0.3564403875945953,0.002665704389333725
1777277229.2269104,4,11,16,1.2084122103455952,-2.492092575399316,-0.626877531886785,-1.3173728667173492,1.7350094951609867,-0.3610761998459635,0.0003981989790201187
1777277229.2269104,4,12,16,1.211789472833696,-2.5007716736619128,-0.6239356542229126,-1.3156660789969734,1.7350875729154196,-0.35690947550388463,-0.0007302499684095383
1777277229.2269104,4,13,16,1.214303030131766,-2.507731513318749,-0.6268790004708182,-1.311314128100548,1.7337872884248733,-0.3554118905015571,0.002144088755786419
1777277229.2269104,4,14,16,1.2148982340958143,-2.509418827884833,-0.6270249473392411,-1.311061289456948,1.7338095305610248,-0.3497939072301799,0.0036172223626971247
1777277229.2269104,4,15,16,1.2175368885559898,-2.5123451989936414,-0.627003880754486,-1.3113776168888145,1.733186127643866,-0.34627837014105856,0.0029742460256516937
1777277230.504381,5,0,16,1.2161526491373085,-2.507846404911773,-0.6316557604489786,-1.3176510046280505,1.734641979181815,-0.35499007349452383,0.001841417008638382
1777277230.504381,5,1,16,1.216028634641437,-2.509196352174807,-0.6277621390498058,-1.3201413789917795,1.7342291586328746,-0.3520454542676711,0.0004228107985854149
1777277230.504381,5,2,16,1.2170183556194683,-2.510797088320153,-0.6302911420369778,-1.3193593656117648,1.7341215782155075,-0.3557984489009358,0.00256365174767375
1777277230.504381,5,3,16,1.2157445167752339,-2.514140285609967,-0.6285063060281095,-1.3198808770332089,1.7350367838713878,-0.3539927518091216,0.002697467342913151
1777277230.504381,5,4,16,1.215189502694107,-2.516683072143997,-0.6286055114116071,-1.3184280952163292,1.73431877737391,-0.3530751167965087,0.002699284922808409
1777277230.504381,5,5,16,1.2161836855693442,-2.5182402885901802,-0.6293666430675382,-1.3176657222528285,1.7340579402400866,-0.35306652170748754,0.0017971991633176805
1777277230.504381,5,6,16,1.2170529681308822,-2.5195176062728915,-0.6284625017112513,-1.3178028499154153,1.7341548195079048,-0.35454422146148645,0.0021687601681351664
1777277230.504381,5,7,16,1.2178590623540473,-2.521641551983115,-0.6269262108898288,-1.3172732691755586,1.7334152481622214,-0.3557219671765951,0.0019685880085229873
1777277230.504381,5,8,16,1.2176831126870211,-2.5210452347870813,-0.6274527742270457,-1.3185390356568971,1.7339299328182634,-0.35386979833227683,0.0020503195110261442
1777277230.504381,5,9,16,1.2174708772971288,-2.520711179693383,-0.6281235626445083,-1.3189957387788878,1.7342868364743693,-0.35513815668079485,0.0032572223578691485
1777277230.504381,5,10,16,1.2171882686020394,-2.519806673368435,-0.628188180341978,-1.320396349153451,1.7341012866686407,-0.353127852766435,0.002266551925778389
1777277230.504381,5,11,16,1.2172943698929517,-2.5199389397903342,-0.6268622515231328,-1.3206820740758651,1.7334684559032711,-0.3532069567213245,0.0017768482277691366
1777277230.504381,5,12,16,1.2162779103397523,-2.5188575546567016,-0.6284725285953414,-1.3204015256973385,1.733831373876339,-0.3524745531610909,0.002389015095770359
1777277230.504381,5,13,16,1.215062765128617,-2.5209218805985927,-0.6278697001700451,-1.3201852781139622,1.7332909793698608,-0.35305486734949276,0.003138662515193224
1777277230.504381,5,14,16,1.2158665955951116,-2.51864885132105,-0.627912238466185,-1.3196383914773837,1.7331380748431369,-0.3540025851736798,0.0025243801033794882
1777277230.504381,5,15,16,1.2150451800043347,-2.51816863218477,-0.6281788117886614,-1.319566934871565,1.7339532857066469,-0.35129578768965775,0.005689918963909149
1777277231.7670968,6,0,16,1.2187946812864627,-2.5183148206309025,-0.6333048914086302,-1.3245250356740925,1.735368387023573,-0.35878982242110546,-0.002321973214387894
1777277231.7670968,6,1,16,1.2183229340811352,-2.5177115375512837,-0.633809071499545,-1.3254778242519625,1.7327143122947342,-0.35917033720963454,2.4462837606668473e-05
1777277231.7670968,6,2,16,1.2180110933977333,-2.516415575886035,-0.6286010673904793,-1.327379798127153,1.734284726309725,-0.3554236796335295,0.0001882833993136883
1777277231.7670968,6,3,16,1.217473336360212,-2.5186342098079346,-0.6290480739857489,-1.3255221293775872,1.736092028556763,-0.35691230534814855,0.0026315577244162562
1777277231.7670968,6,4,16,1.2186239152941316,-2.518496394581709,-0.6287111605521556,-1.323636598641804,1.7340906968589105,-0.3561091015630967,-0.00076344314879179
1777277231.7670968,6,5,16,1.2161447080429337,-2.5197711854242963,-0.6310733020086361,-1.3231576160809253,1.733703775801031,-0.3546076560546835,0.00422596264564991
1777277231.7670968,6,6,16,1.2173243221167598,-2.520245377705415,-0.6293695926074061,-1.329299077899065,1.7342239871267138,-0.35504760806898594,0.004381976552724838
1777277231.7670968,6,7,16,1.2163405393989808,-2.518642643990511,-0.6313392170003389,-1.32746044056085,1.732907583183049,-0.3591600668066517,0.0002716834997534752
1777277231.7670968,6,8,16,1.2179478066351577,-2.5182511032839905,-0.6313879841184136,-1.3313494967827921,1.732837307785756,-0.3589370315305268,-0.0021278199259042742
1777277231.7670968,6,9,16,1.2169795421333962,-2.518071851294379,-0.629992373519225,-1.3334949712224131,1.7340874729682867,-0.35860670332111266,0.00274651220369339
1777277231.7670968,6,10,16,1.2168310200109596,-2.518887201138734,-0.6290935494499557,-1.3345855979688934,1.732681937930908,-0.3586865356733768,-0.00011322628855705262
1777277231.7670968,6,11,16,1.2182570882892796,-2.518025941341044,-0.6288785284911343,-1.3370546064014792,1.7318585996120441,-0.3577537499953707,0.004243244552850724
1777277231.7670968,6,12,16,1.2167096957766386,-2.517357865300136,-0.627837656897255,-1.3353331518067555,1.7324001319622717,-0.3538468449968376,0.0008990167311429978
1777277231.7670968,6,13,16,1.2161831919063353,-2.516925400027552,-0.629100436602664,-1.3369454422259706,1.7321166463195292,-0.3578057575679223,0.002148319843411446
1777277231.7670968,6,14,16,1.2157759781701558,-2.5175463709880392,-0.6261695986394564,-1.3342268939277524,1.7331082500557358,-0.35660870932238486,-0.0013444131946563722
1777277231.7670968,6,15,16,1.2149989847030325,-2.517513965970773,-0.6269375668072672,-1.3364141867219148,1.732721572821517,-0.3525703285977234,0.002420509881824255
1777277233.0301366,7,0,16,1.2201598957551945,-2.517904102269098,-0.6328053998093524,-1.3416347563104685,1.7332333332278818,-0.35935476102378483,-0.0024471180596351626
1777277233.0301366,7,1,16,1.2191490791896382,-2.517399092782412,-0.6331670259673698,-1.339772418521318,1.7335630099085522,-0.3546742251736117,-0.00023527230906486514
1777277233.0301366,7,2,16,1.2165034366110443,-2.518497295061465,-0.6315967045090356,-1.3378426334103402,1.7336723783660972,-0.35968326823976227,-7.627876281738282e-05
1777277233.0301366,7,3,16,1.2176483069411859,-2.5186788860855156,-0.6291808837740929,-1.33676337476024,1.733387240140766,-0.3594838330385769,-0.0018340275034904481
1777277233.0301366,7,4,16,1.2178046701918006,-2.5181296568966585,-0.6308069101440388,-1.337899727644393,1.7320642529582646,-0.35645544811363683,0.0011502599061727523
1777277233.0301366,7,5,16,1.2182157552799675,-2.517558283710228,-0.6311153634318816,-1.338769184015761,1.7328635069177631,-0.3595285566373818,0.003457930852532387
1777277233.0301366,7,6,16,1.2174504742930097,-2.5185404562225027,-0.6289572538743862,-1.3388573375131383,1.732121768250652,-0.35708711431695317,-0.0008888859579563142
1777277233.0301366,7,7,16,1.2174447328811637,-2.5183215772333782,-0.631743461630718,-1.3388307442876772,1.732976261815039,-0.35850909167178957,-0.0028012183789014817
1777277233.0301366,7,8,16,1.2170099275600563,-2.5160200014917313,-0.6305967000639477,-1.3403127076019616,1.7331392985694376,-0.3561584805039827,0.00048553220316767696
1777277233.0301366,7,9,16,1.2184851751318453,-2.5170264863035783,-0.6314796229129935,-1.3379027726702089,1.7327525129691472,-0.35958588151076853,-0.0007694024271368981
1777277233.0301366,7,10,16,1.216092285906742,-2.51650088648453,-0.6290347849831839,-1.340554837904775,1.7327401863285272,-0.36177143783347465,0.001166677718013525
1777277233.0301366,7,11,16,1.2161060652951723,-2.516692840967738,-0.6289849544077057,-1.338927880611212,1.7322349024291777,-0.3593280288401344,0.0016266446170806886
1777277233.0301366,7,12,16,1.214581835278321,-2.517541295832367,-0.6288971432106742,-1.3376797245291767,1.7322129582997223,-0.3574422808768436,-0.00023145837092399598
1777277233.0301366,7,13,16,1.2149825858251653,-2.5170808816592216,-0.628604236657254,-1.337525189469008,1.7320658242662996,-0.3627643891346287,-0.0017907035499215127
1777277233.0301366,7,14,16,1.215711449856986,-2.5169882422368355,-0.6278620953120997,-1.339776174053158,1.7321039420319093,-0.35791013051059606,0.009168021973639726
1777277233.0301366,7,15,16,1.2161688599367326,-2.5162551512824654,-0.6306578741850631,-1.344630503458816,1.7297891885640941,-0.35750951195452596,0.9938091244023443
1777277234.3178358,8,0,16,1.2167614713642716,-2.514932970859789,-0.6312754597543602,-1.347036151191522,1.731632891927858,-0.3593730295822102,1.0013839035140277
1777277234.3178358,8,1,16,1.2173995226647243,-2.5157264498784753,-0.6333998425199161,-1.3483979374869295,1.7321917899410253,-0.3588152957124231,0.9982068334499002
1777277234.3178358,8,2,16,1.2153365841763883,-2.5167415737518275,-0.6322405726684476,-1.3481309394732843,1.7329925881170412,-0.3639095612714105,1.0003180269892216
1777277234.3178358,8,3,16,1.216947689956485,-2.51669523696739,-0.6321388858843418,-1.3482516747468942,1.7319729446598635,-0.3628287652468709,0.9999516505565644
1777277234.3178358,8,4,16,1.2165825689711531,-2.515658720319204,-0.6314751871829025,-1.347025798103747,1.731952273831747,-0.36245961345738664,1.001691759833336
1777277234.3178358,8,5,16,1.214743447120605,-2.516846335177511,-0.6326851485039378,-1.348171438316639,1.7321568689745215,-0.3633304853585455,1.0011280121018886
1777277234.3178358,8,6,16,1.215886972319971,-2.515572176044955,-0.6325217305496005,-1.3475914116490948,1.7309886827249932,-0.3573904776078255,1.0011747328441143
1777277234.3178358,8,7,16,1.2150804515919256,-2.5164591993679637,-0.631675471660561,-1.3474355570777388,1.731957177396477,-0.36208805795656596,0.999177957449019
1777277234.3178358,8,8,16,1.2147941027771196,-2.516244059419293,-0.6299780417220945,-1.3474569737593123,1.7325963475770225,-0.357996140024866,1.0008953618752956
1777277234.3178358,8,9,16,1.2149251710075446,-2.5168105496579165,-0.6322119099593819,-1.34785840966274,1.7319903915973565,-0.3605087467688002,1.0000332926698923
1777277234.3178358,8,10,16,1.2132030755344496,-2.515206296424289,-0.6327066708561515,-1.3459820647548353,1.7316048792984051,-0.3618616720525176,0.9984944878156186
1777277234.3178358,8,11,16,1.2131376890555416,-2.513924693357313,-0.6317702712919584,-1.3459687173916746,1.7321043114298997,-0.3615086906847511,0.9983408576198817
1777277234.3178358,8,12,16,1.212956686946091,-2.5127929080071523,-0.6333529491125048,-1.3468677105134592,1.7306711972273536,-0.36509175021050466,0.9988920908668042
1777277234.3178358,8,13,16,1.2140370238070846,-2.5109689733419285,-0.6316609377427133,-1.347276505229276,1.7310715556780847,-0.3602132359538954,0.9982090979756714
1777277234.3178358,8,14,16,1.2142365624747804,-2.510156047898233,-0.6319859505815533,-1.3465434152640405,1.7313162191757538,-0.3590810150747038,0.9995133456342817
1777277234.3178358,8,15,16,1.216400352963198,-2.508213129795006,-0.6307699123610695,-1.3470491433016707,1.7303988461984456,-0.3590153136315083,0.9973218210228683
1777277235.5691872,9,0,16,1.2157440577734866,-2.5108169809770438,-0.6391520008735445,-1.3540366268664954,1.731333888895768,-0.3662014384755844,1.0033924186874628
1777277235.5691872,9,1,16,1.2159228289343342,-2.5086097178357027,-0.639146126537411,-1.3556905326385311,1.7288690484190847,-0.3586328798745706,1.0014703130500318
1777277235.5691872,9,2,16,1.2155048541519522,-2.509698615196731,-0.6354346095583796,-1.354786007719847,1.7312579784627626,-0.3607525890746063,1.0016924749467373
1777277235.5691872,9,3,16,1.2153372377341194,-2.509686202948284,-0.6356923713766558,-1.3581929348542339,1.7309831621057308,-0.36298541838692866,1.0007691443599462
1777277235.5691872,9,4,16,1.2146641146093053,-2.5093746845367733,-0.6355129002796085,-1.3520003166023828,1.7290948833118507,-0.3609040957285382,1.003457970749259
1777277235.5691872,9,5,16,1.2157585917474736,-2.5067194877637107,-0.6346715029101279,-1.3394283185152915,1.7296235200995835,-0.3653364665931603,1.0043149149752857
1777277235.5691872,9,6,16,1.2145476459690028,-2.502880449319283,-0.6380202796329094,-1.328835942461702,1.7293239420952402,-0.36575511298425356,1.005527866489649
1777277235.5691872,9,7,16,1.2171912544473997,-2.499173779736219,-0.6354442313158399,-1.3183580593787994,1.7318750961477813,-0.362975512182633,1.0015695946272611
1777277235.5691872,9,8,16,1.2186530179033674,-2.4913913853260254,-0.6370166796889812,-1.314281378816153,1.7322551630516458,-0.35723421123572374,1.000259030133605
1777277235.5691872,9,9,16,1.2231640944027977,-2.4818492516483546,-0.6351744169803242,-1.3194192001252933,1.7324678585582562,-0.35741427106674284,0.999276643098414
1777277235.5691872,9,10,16,1.2297314165447546,-2.472286869103203,-0.6318721285383241,-1.3386502636688378,1.7311369064695081,-0.35583787346847573,1.0001082603914737
1777277235.5691872,9,11,16,1.2412179803562844,-2.4581731694437887,-0.6221843354374439,-1.3806732693205344,1.7295269930214976,-0.34795530275924047,0.9981751896818877
1777277235.5691872,9,12,16,1.2553263024731285,-2.448158755688336,-0.6007823058329067,-1.4447398766108517,1.726502441786112,-0.3313307981181308,0.9973084126465918
1777277235.5691872,9,13,16,1.2686879129693283,-2.444547218221294,-0.5600441898730248,-1.5242813304740006,1.7251151935232794,-0.31244687766052326,0.9997140541289449
1777277235.5691872,9,14,16,1.2831034170239624,-2.441917084970543,-0.5169632266124115,-1.5972123377928942,1.7257235877395514,-0.29855451873207417,0.9987239796246887
1777277235.5691872,9,15,16,1.293919941669041,-2.438899184200214,-0.4801042487746834,-1.6490176665054417,1.7269909560359147,-0.29131541426362495,0.9993826586601735
1777277237.0092413,10,0,16,1.2966330762065366,-2.442816412292568,-0.47520648779343605,-1.6691042862446102,1.7279654643095208,-0.2894823534512163,1.0027031685540677
1777277237.0092413,10,1,16,1.297874074175012,-2.4414244136293615,-0.4716713021800702,-1.6690207510363875,1.7267819713524095,-0.2913327013020979,0.9991327265263796
1777277237.0092413,10,2,16,1.2983282362560573,-2.441570628891675,-0.4750080770264409,-1.6689342215527787,1.7263690966204335,-0.2871057384971335,1.004121834356904
1777277237.0092413,10,3,16,1.2982829611226439,-2.440899172348439,-0.47365313101272893,-1.6670698537464177,1.7272575900397176,-0.2846178244242007,0.9968479392088652
1777277237.0092413,10,4,16,1.3010448426850663,-2.4420035380686054,-0.47146494080296314,-1.6665577311545734,1.7285858871597168,-0.28154602701573017,1.0009091874010563
1777277237.0092413,10,5,16,1.305809755204221,-2.4408684234358486,-0.47179729656197017,-1.6625460111426713,1.7287156555302001,-0.28794368683695726,0.9977101275998355
1777277237.0092413,10,6,16,1.3198910106652204,-2.4375201041728105,-0.46929209476430495,-1.6602803596841733,1.7272852775709564,-0.2889598740143634,0.9982812648364306
1777277237.0092413,10,7,16,1.3417139530511724,-2.429097463109562,-0.46897599471132284,-1.6644081459301006,1.7264383696315662,-0.2780086380053687,0.9982728026611806
1777277237.0092413,10,8,16,1.3638042811888051,-2.4142223309106017,-0.4696111319853539,-1.673107480184227,1.724478894328786,-0.2672768681253628,0.9998592817422152
1777277237.0092413,10,9,16,1.3820003244995962,-2.395755397914758,-0.46724245786196617,-1.6866743897063114,1.7226458551397943,-0.253415247566125,0.9970522232705356
1777277237.0092413,10,10,16,1.3920844090334756,-2.3712347023254816,-0.4754799989094496,-1.6994198273888472,1.72128529202204,-0.24269476784542654,0.9947008112211227
1777277237.0092413,10,11,16,1.3992258395519557,-2.3409718649937483,-0.5093965926750179,-1.6961645679153192,1.719876641460109,-0.23306331503960165,0.9961621454569102
1777277237.0092413,10,12,16,1.407297313173337,-2.3122758051248833,-0.5540953278504931,-1.6794367693447922,1.719237566099876,-0.2238901698619209,0.9952673002206087
1777277237.0092413,10,13,16,1.4154939495729593,-2.2882579165738064,-0.5923430291347013,-1.6673047267377026,1.7172282288585001,-0.22073985121646056,0.9953862474163772
1777277237.0092413,10,14,16,1.4261837366525478,-2.265734483223669,-0.6310064916228479,-1.6569005840299806,1.7162848073867827,-0.2212280959767038,0.9952701606742144
1777277237.0092413,10,15,16,1.4363421314597469,-2.2478698601325315,-0.6614026868970418,-1.6526990574088725,1.7171111935014045,-0.2144649991926033,0.9954606192101241
1777277238.3246737,11,0,16,1.428046890322877,-2.266338673231685,-0.6366293005526916,-1.6681833592672641,1.7184907231536874,-0.22094179332387165,1.002974554089904
1777277238.3246737,11,1,16,1.4304712424848955,-2.2655365892979815,-0.6359039213218496,-1.6639633594895382,1.7181620217676594,-0.22800265895473837,1.002443105647087
1777277238.3246737,11,2,16,1.435741071165813,-2.265060109202156,-0.6363140107529692,-1.6643980876752222,1.7176390200156386,-0.22047321529274455,0.9988416157792211
1777277238.3246737,11,3,16,1.441663813201847,-2.264642907409781,-0.6348510984923881,-1.665647106514572,1.7182976960890333,-0.22063280715753542,0.9978298495017887
1777277238.3246737,11,4,16,1.44734190547711,-2.2647156052830795,-0.6322291189436533,-1.6679626456460244,1.7187971553120458,-0.21901219583862563,0.9966735111317039
1777277238.3246737,11,5,16,1.4544490843729208,-2.261583006459011,-0.6318709870028186,-1.6739417568377335,1.7181068634373244,-0.2199038270649627,0.998590193825841
1777277238.3246737,11,6,16,1.4624338790794629,-2.252079014408618,-0.6368098351071423,-1.6781406444364677,1.715648633290996,-0.21685737788513082,0.9967412681264878
1777277238.3246737,11,7,16,1.4646561663525732,-2.2382829112356073,-0.6565931812619005,-1.671028225386422,1.7118139914889732,-0.213882821526179,0.9959118557664156
1777277238.3246737,11,8,16,1.467067231247177,-2.210659119388035,-0.7064805251090347,-1.6461607683067747,1.7102320500331387,-0.2085041167923819,0.9981478961870671
1777277238.3246737,11,9,16,1.4680826409422103,-2.174769111539489,-0.7810870754063552,-1.5959644312354746,1.7104464387596146,-0.20930739341717108,0.9962186990084052
1777277238.3246737,11,10,16,1.4692968019113148,-2.141350285039295,-0.8521929518150948,-1.5442173640168755,1.7103071070833316,-0.20600527675882896,0.9963164311732651
1777277238.3246737,11,11,16,1.4745478971855808,-2.1129761582608304,-0.9173479231571832,-1.4998517438791783,1.7090553570470068,-0.20275749854463743,1.0000436618142128
1777277238.3246737,11,12,16,1.4790617951788325,-2.0903952563711146,-0.978115322456589,-1.4557680423816253,1.7109900029736809,-0.1975686870064175,0.9973724152960182
1777277238.3246737,11,13,16,1.485423148271826,-2.0705603126199987,-1.033367479738976,-1.4168170363997552,1.709731940613698,-0.19048487685824844,0.9953733753751517
1777277238.3246737,11,14,16,1.4912214821151761,-2.0570503228713055,-1.0759199553108802,-1.3919139017676287,1.709829321074596,-0.184731703034132,0.9970164080076814
1777277238.3246737,11,15,16,1.4968946203722178,-2.050739881126352,-1.096229763521198,-1.3851087258224315,1.71115152260308,-0.1791177987880529,0.998815573732853
1777277239.640608,12,0,16,1.4925239649031417,-2.0579693570086506,-1.079410776788715,-1.408491162316607,1.7105732164492085,-0.18591223481736185,1.0051445657064915
1777277239.640608,12,1,16,1.4932786488842353,-2.0514739608105628,-1.096281414396954,-1.384987166296566,1.7125023492520008,-0.18848558990234376,1.0030275916671754
1777277239.640608,12,2,16,1.4989485719506432,-2.0456031721739514,-1.1294458146128636,-1.35322369000154,1.7096773812285881,-0.18480587204497112,1.000029955474019
1777277239.640608,12,3,16,1.502216616381401,-2.035570490047332,-1.172234149844615,-1.30766513024994,1.709316657668466,-0.18194785926596702,1.0011200266689062
1777277239.640608,12,4,16,1.50557941051165,-2.0285075279962435,-1.2061129655519447,-1.2748678676903349,1.7100149415409518,-0.17988838852881683,1.0007387520403863
1777277239.640608,12,5,16,1.5063516140008906,-2.0244851058371367,-1.2272531820719068,-1.2568850617296863,1.7092068286551174,-0.1837200500785462,1.0006982289476396
1777277239.640608,12,6,16,1.5068335645152697,-2.0243205539106794,-1.2302294195380779,-1.2563803487006613,1.7095552255746196,-0.1787293626262373,1.0015310976891518
1777277239.640608,12,7,16,1.508577378929176,-2.024855287915311,-1.2261539216024926,-1.2639080077711677,1.70838517001036,-0.1720364833490553,1.0010132364009618
1777277239.640608,12,8,16,1.5109441857404649,-2.024746770375929,-1.224004091820496,-1.2685491346192657,1.7071350861023826,-0.16564756429632432,1.0008846351742744
1777277239.640608,12,9,16,1.5131602066726464,-2.0240777040868645,-1.2247960890615426,-1.266659036344758,1.705959205861786,-0.15704723081408634,1.0002033704738618
1777277239.640608,12,10,16,1.515209136116078,-2.025129211043354,-1.2328172671682434,-1.2577393437224038,1.7070895181693655,-0.1559351865421732,0.9995058965363502
1777277239.640608,12,11,16,1.5129713634350175,-2.023855751913805,-1.2428589130599297,-1.2417967558089984,1.7068764433815051,-0.15843176854386454,0.9979377720326186
1777277239.640608,12,12,16,1.513477920000165,-2.0234177890566274,-1.254223803806538,-1.2274933560428505,1.7066537511048092,-0.16119457978599894,0.9991458369387388
1777277239.640608,12,13,16,1.5151367615187519,-2.0186974809724463,-1.2620814120364154,-1.2236094256143657,1.7068695892274899,-0.15708794822733052,0.9970964411158563
1777277239.640608,12,14,16,1.517919509012226,-2.014264686318597,-1.2703446786248977,-1.222454193570153,1.7054488829401173,-0.1526301562943323,0.9986134350113869
1777277239.640608,12,15,16,1.5187967639342128,-2.007542881830745,-1.272864718185383,-1.2263252841397798,1.7052525507102858,-0.14943059798634406,0.9969639663582445
1777277240.884028,13,0,16,1.5160876875831752,-2.013882143226341,-1.2718398676773308,-1.232536403098398,1.7079750909464884,-0.15488263485676046,1.0052959313764573
1777277240.884028,13,1,16,1.515646484688868,-2.011727363237307,-1.270874248354956,-1.2333691161582514,1.7084594601940606,-0.16151243492129574,1.0034162558008433
1777277240.884028,13,2,16,1.5139180900667764,-2.008105462311107,-1.2726035313746986,-1.2337798901408485,1.707308260326222,-0.15850218709098507,1.0015558882870674
1777277240.884028,13,3,16,1.509968392413605,-2.0080997086278516,-1.2743841135539529,-1.234107687169956,1.705478255387229,-0.15009466039382302,1.0014701938644648
1777277240.884028,13,4,16,1.509307801970649,-2.003040445428921,-1.2776467502270514,-1.2309576079631606,1.7051971808895745,-0.1482493384848267,1.0000403246183396
1777277240.884028,13,5,16,1.5089771294563925,-2.0001573208473706,-1.2813447461048095,-1.2326033936663532,1.7069864672772448,-0.13613405063136708,1.000303009607792
1777277240.884028,13,6,16,1.5065118492299294,-1.9988559298905046,-1.287591646815434,-1.2343669711182002,1.7059786086303304,-0.13369508486201231,1.0015314552458525
1777277240.884028,13,7,16,1.5031266307854136,-1.9935595022580381,-1.2952757848864693,-1.231600565164238,1.704209261599795,-0.13000728179378085,1.0014055952872039
1777277240.884028,13,8,16,1.5000911299384492,-1.9903462152824405,-1.3089080427785753,-1.2269607578273272,1.703821717437005,-0.1262097820809237,0.9996111969847084
1777277240.884028,13,9,16,1.4994394632899049,-1.987105576969824,-1.3246693677128953,-1.2126007713314295,1.702453216504522,-0.13307572857432792,1.0002639167418481
1777277240.884028,13,10,16,1.5000414749279989,-1.9838356409703641,-1.3468935005311642,-1.1946326322451286,1.697702827216262,-0.13936106952038052,0.998567071825862
1777277240.884028,13,11,16,1.5031940513645186,-1.9785631500260998,-1.3648373945432601,-1.181819874116841,1.6861798835646655,-0.13356339061667144,0.9984794704341889
1777277240.884028,13,12,16,1.5075120851936554,-1.9734426792471371,-1.3801794893768735,-1.1703862081806826,1.6703622028634642,-0.11524164725283648,0.99772764787817
1777277240.884028,13,13,16,1.5120078075174064,-1.9702849827542686,-1.393060136088851,-1.1601983638067672,1.653153616544521,-0.09702865361704016,0.9980429532954097
1777277240.884028,13,14,16,1.518381693292258,-1.9678802846183694,-1.4101451363251376,-1.1466628688010192,1.642915433943745,-0.08158160333208919,0.998761403892696
1777277240.884028,13,15,16,1.5229872242185702,-1.964800510411489,-1.4268383284694788,-1.128273501143486,1.6382581582023223,-0.06876486880681965,0.9959252045499087
1777277242.2273455,14,0,16,1.5211566373786158,-1.966682034585281,-1.4213511067166653,-1.1503457070156031,1.6432543894595848,-0.07969707881043153,1.001568521957159
1777277242.2273455,14,1,16,1.5192552130075223,-1.9659422338459867,-1.4200717168194303,-1.148459110520784,1.6445657272894125,-0.07987917815409973,1.0036869262232782
1777277242.2273455,14,2,16,1.5178283901436453,-1.9662903572928079,-1.4204641832421494,-1.144040219806834,1.6433105230845622,-0.08174678902276111,1.0030005365434886
1777277242.2273455,14,3,16,1.5190283452194397,-1.9698000699321483,-1.4191852997532017,-1.1401157905349946,1.6424990508505148,-0.08087671835871435,1.0016914022766352
1777277242.2273455,14,4,16,1.5179598848789504,-1.9692148674180117,-1.4229044128565438,-1.1377001208046216,1.6416388409758624,-0.08438424307671422,0.9989633638358116
1777277242.2273455,14,5,16,1.5165236132915785,-1.9692468285309321,-1.4219459845318498,-1.1363708655350164,1.6409568120140843,-0.08157685391524994,1.0012595929677488
1777277242.2273455,14,6,16,1.51475922821923,-1.9694842490631292,-1.4250570532045355,-1.133650591722169,1.6416061956968577,-0.08285744933966233,1.0019155903279782
1777277242.2273455,14,7,16,1.5112369868800033,-1.968828295025519,-1.4280312903579713,-1.1279298509709592,1.6427955404218237,-0.08080511689678394,1.001800218699217
1777277242.2273455,14,8,16,1.50701260368009,-1.9691980673458356,-1.430850414652983,-1.118153389584804,1.6419493910449334,-0.07979876308393585,1.0027464329148532
1777277242.2273455,14,9,16,1.5043830698627325,-1.9713249325807969,-1.434029443317835,-1.10777147556554,1.6416192808999774,-0.07825856683519006,1.0008503097310066
1777277242.2273455,14,10,16,1.5030421713281379,-1.9711938100662512,-1.4362107463748925,-1.1028467045626686,1.641571599828568,-0.08052002216433696,0.9993080484952928
1777277242.2273455,14,11,16,1.5009754763160517,-1.969631130181962,-1.44062019525559,-1.097833374058978,1.639939254603781,-0.08141609661465965,1.0001440160615445
1777277242.2273455,14,12,16,1.4997898911739058,-1.9686072989541283,-1.4417555626358942,-1.0989997204474198,1.638703529200262,-0.07943645822977363,1.000601450267315
1777277242.2273455,14,13,16,1.499689564102907,-1.9681783678430695,-1.4446291764626278,-1.0955281880153007,1.639180041907659,-0.07623289373622466,0.9981658932076694
1777277242.2273455,14,14,16,1.4998074434901203,-1.9660792637029845,-1.4453855478806574,-1.0950886892891714,1.6383590876423655,-0.07967865035685229,1.0006234995971919
1777277242.2273455,14,15,16,1.4971421488789798,-1.9649412295454898,-1.4463323288147416,-1.0936023106874537,1.637079961627257,-0.07703850123261291,0.9992817084850073
1777277243.4895158,15,0,16,1.5008427416504504,-1.9658600173037386,-1.4504710465349482,-1.1059976313851996,1.6383926723029145,-0.08345907308745848,1.0027492933684587
1777277243.4895158,15,1,16,1.500491465669684,-1.9659119541122345,-1.4500350796403434,-1.1062595036053875,1.6393821629007292,-0.08252869112078876,1.0028826620178224
1777277243.4895158,15,2,16,1.5008200056595407,-1.964787168792147,-1.452295584953547,-1.1065562921216006,1.638435205985933,-0.08091550945510073,1.0028962491724491
1777277243.4895158,15,3,16,1.4989967301056868,-1.9657566558840693,-1.4530558557153896,-1.1076774706271026,1.6384307629770063,-0.08239109685671309,1.0003442478139402
1777277243.4895158,15,4,16,1.497496121897573,-1.964072346208944,-1.4552087999083536,-1.1012592667127064,1.6396833663961434,-0.08082285730904226,1.003416851728678
1777277243.4895158,15,5,16,1.4964762174972663,-1.964818003070958,-1.456150516759564,-1.1032902989320708,1.6401061024406154,-0.082362398000151,1.0014993943283559
1777277243.4895158,15,6,16,1.4980334524302146,-1.966797662795449,-1.4559104792313464,-1.1043172338885634,1.6368057324620375,-0.08041204118972678,1.005448488902092
1777277243.4895158,15,7,16,1.496803149891806,-1.9655003694171624,-1.460298861527289,-1.1049446107075487,1.637745049568801,-0.08110795204148924,1.003118411069155
1777277243.4895158,15,8,16,1.498046674081494,-1.967023968645749,-1.458610395015509,-1.1024032829118295,1.6356453756611669,-0.08283090319154052,1.0019978283691406
1777277243.4895158,15,9,16,1.4977933957989202,-1.9666425182264806,-1.4579108426073233,-1.1034417889664236,1.6366963098214569,-0.08199827215255195,1.0008567457516193
1777277243.4895158,15,10,16,1.4969917306648932,-1.965926739541609,-1.454944606704828,-1.1060187435641915,1.6372941654372868,-0.08005592771324921,1.0025363087604047
1777277243.4895158,15,11,16,1.4964440983989968,-1.9644416575516703,-1.456748584946959,-1.1040405932931674,1.6378036485219025,-0.07910966668381159,1.0014061912150383
1777277243.4895158,15,12,16,1.4966030534869592,-1.9638679794772886,-1.4580083768434724,-1.1045555071586763,1.6370148789798102,-0.08117627571523356,1.000784042555809
1777277243.4895158,15,13,16,1.4957256673327017,-1.9640911267774335,-1.4586214853570025,-1.1034088011867489,1.6369043455869978,-0.08245220939644815,1.0010126404731274
1777277243.4895158,15,14,16,1.4953787548249382,-1.9642339615374191,-1.4589376866916421,-1.104847525134444,1.6377947895955667,-0.08245832793439534,1.001277470802784
1777277243.4895158,15,15,16,1.4964852397158812,-1.9645625873394992,-1.4618447741061715,-1.1050071352376398,1.6369024220892308,-0.08316086720226734,0.9994369476858974
1777277244.7629488,16,0,16,1.496495715726445,-1.9639448881335932,-1.4647588001008303,-1.112170970070147,1.6390134777629517,-0.08290914120391357,1.0071056450242997
1777277244.7629488,16,1,16,1.4965486023315626,-1.9656664004075721,-1.4628799747138244,-1.1083212454316635,1.640180444894177,-0.08205742615370859,1.0022388215854168
1777277244.7629488,16,2,16,1.4956757436906463,-1.9637980411612483,-1.4647972871306711,-1.1101818577061846,1.6377331326295403,-0.08611838719698495,1.0022756499255896
1777277244.7629488,16,3,16,1.4955576674550268,-1.9670941675171294,-1.462942668059802,-1.112660407219661,1.6376495282054668,-0.0830077662084443,1.0016502832560539
1777277244.7629488,16,4,16,1.4948365133191133,-1.9679108661477667,-1.4635897059285865,-1.1121822366656666,1.6373471597747855,-0.07847677033929146,1.0054552824794054
1777277244.7629488,16,5,16,1.495603926830471,-1.9693567479692944,-1.4635006793516652,-1.1086642168394212,1.637723677689812,-0.08253204988304541,1.0028388017292023
1777277244.7629488,16,6,16,1.495940176716235,-1.9723053996616293,-1.4612546573154808,-1.1077807025988686,1.6376337880335983,-0.07943089806037551,0.9999928887627125
1777277244.7629488,16,7,16,1.4972638838233594,-1.97720620608224,-1.4598005565591,-1.1103664877715032,1.6379971665624693,-0.07834937363846117,1.0016436088643075
1777277244.7629488,16,8,16,1.4970202839207545,-1.9802928095867531,-1.4571268220833948,-1.1132396726307512,1.6383250822944797,-0.07223782830600567,1.004313008006215
1777277244.7629488,16,9,16,1.4960355497690123,-1.9820669928187236,-1.4603362352454896,-1.1123467695605986,1.638072101700832,-0.06521178006964823,1.0025096111934186
1777277244.7629488,16,10,16,1.4961331865784604,-1.9838260150099494,-1.4595083589772821,-1.1111376913098705,1.6372076384578775,-0.0488484787270963,1.0027026918118
1777277244.7629488,16,11,16,1.4954659360977631,-1.9821665981246948,-1.4603702658824016,-1.1098688798027159,1.6368830278910442,-0.05181669802888833,1.0023613443481922
1777277244.7629488,16,12,16,1.4943629944781307,-1.9832371588215796,-1.4635328362779139,-1.1102326081364537,1.6363925901434746,-0.040901954728364665,1.0006634267621042
1777277244.7629488,16,13,16,1.4958626184442136,-1.979853139405167,-1.464251834764335,-1.1119718761322017,1.6369753557838642,-0.04749147441808066,0.9987102136917114
1777277244.7629488,16,14,16,1.4942218213628566,-1.9798094660468066,-1.4644312552205534,-1.1110710559949275,1.6376639679844789,-0.05033426369195404,0.9987602716298104
1777277244.7629488,16,15,16,1.4938974808056644,-1.977273696616094,-1.4636483986490938,-1.109558134918179,1.6378974155937596,-0.0594481901630739,0.9981847245272398
1777277246.0451694,17,0,16,1.4973484312430245,-1.9787688704289563,-1.47005158610699,-1.115948678776347,1.6384072503074987,-0.054815019977320634,1.00185742777133
1777277246.0451694,17,1,16,1.494300594562608,-1.98208483589446,-1.468529474717614,-1.1169145102147962,1.637146844531222,-0.05090301619716486,1.0045265885421037
1777277246.0451694,17,2,16,1.4962085805472398,-1.9801831838221775,-1.4673300466889563,-1.117576042073352,1.639019654068412,-0.05531127710868522,1.0006350605971814
1777277246.0451694,17,3,16,1.4972506632013056,-1.981646224254007,-1.4671426249817974,-1.1204115193629103,1.6372953873235727,-0.053064316887294294,1.0021362028123142
1777277246.0451694,17,4,16,1.496617729959413,-1.9800779784921474,-1.4670683855268676,-1.1180406622624646,1.638327601245031,-0.05002172821354811,1.0039970470683575
1777277246.0451694,17,5,16,1.4968682195562328,-1.9823168612815274,-1.466156445482955,-1.1176369425896748,1.637960294446072,-0.05381820817008076,1.0049867640159131
1777277246.0451694,17,6,16,1.4969284551685134,-1.980481521689257,-1.4675303311666148,-1.1150882052311366,1.6384427672873951,-0.05517819890833253,1.0001959809687138
1777277246.0451694,17,7,16,1.4970220237775678,-1.9836532523887604,-1.4668885599440191,-1.1149357509386086,1.6373553408525663,-0.05869191500401716,1.0023996029151678
1777277246.0451694,17,8,16,1.495893327824798,-1.9817038976725143,-1.4677885993931783,-1.1169702341872314,1.6377467049193726,-0.0570303677526508,1.001454342184067
1777277246.0451694,17,9,16,1.4948056747647094,-1.9810082995621467,-1.4684023155966532,-1.1167103919842543,1.6371712268972836,-0.05467859114904439,0.9982295383003951
1777277246.0451694,17,10,16,1.4961423738666395,-1.9803782627090523,-1.466852655596444,-1.1167005971512123,1.6381037169415498,-0.05481742368865705,1.0007058568239213
1777277246.0451694,17,11,16,1.4967188772321038,-1.9812912885827973,-1.466333030052764,-1.1172133287482198,1.6377719542140052,-0.055643571991011,1.0015700713695288
1777277246.0451694,17,12,16,1.49498923590344,-1.9800647638012283,-1.468284271824865,-1.118198851353613,1.6373259194641854,-0.05707713086410482,1.004165694645524
1777277246.0451694,17,13,16,1.4944037103193606,-1.9812643299303927,-1.4689973959751526,-1.1168026562664832,1.6375600172698945,-0.0539951358923888,1.000477139721036
1777277246.0451694,17,14,16,1.4966343964577997,-1.9820992457124649,-1.4652690662409802,-1.1164432924697487,1.6378383284327285,-0.0584523451074872,1.0010001259886028
1777277246.0451694,17,15,16,1.4959977230961903,-1.9820978457064502,-1.4653354563674557,-1.1174467299770268,1.637105827973203,-0.05190871445237566,1.0005907235662939
1777277247.3031213,18,0,16,1.4971991504169622,-1.9806706400551528,-1.4707880508439928,-1.1206928014443878,1.6383148575959054,-0.06406728386564098,1.0066376033030748
1777277247.3031213,18,1,16,1.4988068113499513,-1.9816643711536708,-1.4682404626726737,-1.1255797126262783,1.639022515133566,-0.06085752799440736,1.004453289418459
1777277247.3031213,18,2,16,1.4962623488521165,-1.9796529722684324,-1.472898456740817,-1.1313351159213618,1.6390301820331166,-0.05666341591104074,1.0054346633763314
1777277247.3031213,18,3,16,1.4976180438252396,-1.9798560072870492,-1.4698220770358168,-1.12428760667163,1.6388973252295989,-0.05840129920727288,0.9998472439999581
1777277247.3031213,18,4,16,1.498224369724235,-1.9820574655254026,-1.4713147154628672,-1.125171729917346,1.6382870616985952,-0.05953599663753828,1.000055580370903
1777277247.3031213,18,5,16,1.4959655670717846,-1.9814653483474132,-1.4694185202716041,-1.1268796341471878,1.637668968718934,-0.06011711206305237,0.999087733974874
1777277247.3031213,18,6,16,1.4976506550445243,-1.9807269134676453,-1.4679007639934998,-1.1264763204778403,1.6386502505868414,-0.06254813830102313,1.0001671380615236
1777277247.3031213,18,7,16,1.4963713372529857,-1.9816081318876664,-1.4684012473039167,-1.1250107495525328,1.637796353035847,-0.0641699878954699,1.0025848172861338
1777277247.3031213,18,8,16,1.4979322138814475,-1.980345702073794,-1.466565719825482,-1.1241446934599928,1.6363502349047345,-0.05677726442070208,1.0031275883578064
1777277247.3031213,18,9,16,1.4962429264760435,-1.9822487541520915,-1.4702270517432339,-1.1257805828292828,1.6385224598971608,-0.05673887787905685,0.9992051913510561
1777277247.3031213,18,10,16,1.4955030061254106,-1.9814768386406798,-1.4680432166447397,-1.1243345000691987,1.637778553908622,-0.058713417482320174,1.0004071777932644
1777277247.3031213,18,11,16,1.4953434276841622,-1.9817539032456342,-1.470148761022005,-1.124175143718154,1.6379133883929426,-0.05889741065916254,0.9990457210625411
1777277247.3031213,18,12,16,1.4958322678927565,-1.9817741179666264,-1.469125056669068,-1.125644774677883,1.638214185515589,-0.058059826518026214,0.9983500349085331
1777277247.3031213,18,13,16,1.4957810873071586,-1.9809233240675586,-1.4680196686593765,-1.125903652622685,1.6382575861271786,-0.059249299430866986,1.0013110811326504
1777277247.3031213,18,14,16,1.496948037466856,-1.9829519669293192,-1.4686480707031855,-1.1239471220349555,1.6377731356050527,-0.0639840280457159,-0.002364403276205063
1777277247.3031213,18,15,16,1.4962293111279517,-1.9821288316856631,-1.469500457132502,-1.1218689426658712,1.6375212386721187,-0.06036972027258891,0.00031691442239284516
1777277248.565724,19,0,16,1.4967042723357022,-1.9816037356932803,-1.4722206474901574,-1.1292125123031336,1.6406028098545073,-0.06973846640240411,0.0022575832118690016
1777277248.565724,19,1,16,1.496473631619835,-1.981529245129353,-1.4730249757730018,-1.1314192425120893,1.6398793037789066,-0.06545396020484062,0.0027246416521668434
1777277248.565724,19,2,16,1.4966586691216117,-1.9827887895649754,-1.4719130550964032,-1.1291490742652974,1.6400119438502816,-0.0664289929305778,0.002582334085285664
1777277248.565724,19,3,16,1.4966577176876488,-1.9810623431234569,-1.4736671014813987,-1.1289235901036123,1.6386650890405576,-0.06554027529373929,0.004750200361669064
1777277248.565724,19,4,16,1.4976078721360446,-1.9823199924289863,-1.4729957053739913,-1.1298366918450116,1.6384224303152093,-0.06251655211199714,0.003999986810803414
1777277248.565724,19,5,16,1.498533158069131,-1.980866239841937,-1.4730988607421305,-1.1305981005503372,1.6381801779626284,-0.06281315552296396,0.0017996126710474493
1777277248.565724,19,6,16,1.4982211533453906,-1.9821923187097452,-1.4718146599661655,-1.1295960333046762,1.6385313923999867,-0.06600462862009326,0.0014930375965833665
1777277248.565724,19,7,16,1.4966656244319623,-1.9820323082662135,-1.471965873480777,-1.1327174385183696,1.638251076464832,-0.06795083356548182,0.0026641847733557228
1777277248.565724,19,8,16,1.4967374741002053,-1.9829135608327229,-1.4714100397445495,-1.1299805185643939,1.6376267524360664,-0.06691184755024837,0.000998268511980772
1777277248.565724,19,9,16,1.496812014029999,-1.9833012259128369,-1.4741459611579446,-1.1306239832697744,1.6374180935656149,-0.06785920117574806,0.0022742989876270293
1777277248.565724,19,10,16,1.4968467577736837,-1.9837381473021258,-1.4712559903435287,-1.1315490621127173,1.6388069673195182,-0.06376604496851102,0.002424800562232733
1777277248.565724,19,11,16,1.4971173259079305,-1.9833655237500476,-1.4712474826843007,-1.1303734791459665,1.6386819670561759,-0.06484509283935147,0.0022254924979805946
1777277248.565724,19,12,16,1.4966941346427856,-1.9825027102871462,-1.473396932660082,-1.1308008992696919,1.6376554694449832,-0.06332150405074821,0.001296202632844448
1777277248.565724,19,13,16,1.496619266632315,-1.9830855225471113,-1.4727458435249985,-1.1292073865096763,1.6385339119111464,-0.06361708770539043,0.00301155110809207
1777277248.565724,19,14,16,1.4966843578386138,-1.9838635502799042,-1.4721215940291459,-1.129573347862346,1.6377668155833311,-0.06314843683452587,0.0029975170075893405
1777277248.565724,19,15,16,1.495501528574154,-1.9846711147249578,-1.4727526293960493,-1.1296154707194692,1.6385698352638105,-0.06385345265347186,0.002855090255141258
1777277249.8156567,20,0,16,1.4982188486257124,-1.982313897438854,-1.4755117811767462,-1.1373742789107322,1.6405758060279392,-0.06581759763893458,-0.00033759311825037
1777277249.8156567,20,1,16,1.4983156652334682,-1.982795687313589,-1.475522263828295,-1.1372043157197613,1.6388202756715053,-0.06524828225089019,0.0019820559775829316
1777277249.8156567,20,2,16,1.4971397256632235,-1.982776838452123,-1.4732095478206626,-1.134045913442402,1.640130367291512,-0.06527814654325181,0.0019069094776511194
1777277249.8156567,20,3,16,1.4988338030465105,-1.9829523514012806,-1.4739542718480825,-1.135374458205983,1.6391884493990352,-0.06683371197660326,0.002630216886788607
1777277249.8156567,20,4,16,1.497787422535577,-1.9812223195785048,-1.477347511218496,-1.1334841569297545,1.6388596938299715,-0.0666810398868718,0.0019628075085282326
1777277249.8156567,20,5,16,1.498407593439138,-1.9815065890924615,-1.477252053256325,-1.1325508057666778,1.6399019316130328,-0.06271841248917631,0.00034653203576803207
1777277249.8156567,20,6,16,1.497117383369126,-1.9822245190060874,-1.4752159374552591,-1.1346983609739398,1.6400811149120675,-0.06379607640500484,0.0015374938130378723
1777277249.8156567,20,7,16,1.4974982850350171,-1.983025561471902,-1.4732437810208894,-1.1337681055871094,1.639970933708987,-0.06623292982197304,0.0012951299627423287
1777277249.8156567,20,8,16,1.4973601630700386,-1.983465231653488,-1.4733979317035677,-1.1359216493451432,1.6395466534479977,-0.06577760862306503,0.00048642609491944316
1777277249.8156567,20,9,16,1.4962989861205767,-1.9824927908903396,-1.4734881736603787,-1.1349950987397226,1.6398659269858151,-0.0672558182552262,0.0009593544243872166
1777277249.8156567,20,10,16,1.4956477131688446,-1.9809273280672652,-1.4742669283247105,-1.1354599219305561,1.6387149438501192,-0.06915890207603415,0.0026978248996138575
1777277249.8156567,20,11,16,1.4953630375654907,-1.9797401741865481,-1.4736922562001924,-1.1351645544263906,1.6389048282987033,-0.0680047564358649,0.002062178474932909
1777277249.8156567,20,12,16,1.4956418733327956,-1.9769181888920535,-1.473515114581267,-1.134584629259707,1.639258778979364,-0.06601397357114636,0.001941264717310667
1777277249.8156567,20,13,16,1.4955668412819865,-1.9729810305138895,-1.4739786807275341,-1.1343067706539844,1.6389018211402224,-0.06606539842579828,0.0038046416666507724
1777277249.8156567,20,14,16,1.4952892194131864,-1.9667099596697881,-1.4753098255517392,-1.1335775884718797,1.6388033705643692,-0.06785230286534583,0.0028650720463693144
1777277249.8156567,20,15,16,1.4955769789749032,-1.963996816306313,-1.4753644163651187,-1.132078573013025,1.6388556030107768,-0.0717260657833313,0.006070955221295357
1777277251.0998888,21,0,16,1.496926626279861,-1.9672838884212602,-1.4793087714324802,-1.1390631837267884,1.6417640314684145,-0.07259937461591981,-0.0012858930813074113
1777277251.0998888,21,1,16,1.496287656353513,-1.969064883877619,-1.4780700967615505,-1.1402999717124433,1.6419796799504702,-0.07255916708083787,-5.9056448400020604e-05
1777277251.0998888,21,2,16,1.4980356373920163,-1.968697092053616,-1.4792566113788803,-1.1395409482773404,1.6402997349288273,-0.07078595651193409,0.001942307591021061
1777277251.0998888,21,3,16,1.497971530427748,-1.9677648929267675,-1.4786518586020918,-1.1370781821476779,1.6406296554331583,-0.07216248187059093,0.0008652276229262352
1777277251.0998888,21,4,16,1.4962203013905437,-1.9678751690102896,-1.4796671565774586,-1.1365129746057723,1.6413693622364312,-0.07244954327594955,0.0017914186633229256
1777277251.0998888,21,5,16,1.4969750509877726,-1.9665991659673727,-1.4804379099908498,-1.1362156785852566,1.6421087981245253,-0.07438693461310453,0.0011413805814385414
1777277251.0998888,21,6,16,1.4962775514686644,-1.9675861872809666,-1.4790036604393344,-1.134970263026456,1.6410835467231537,-0.07441191864305585,-0.0004818672469854355
1777277251.0998888,21,7,16,1.4968495929369228,-1.9676582534442346,-1.4775235809378109,-1.1367509941237337,1.6401145644043484,-0.07347927864452464,0.00035576891720294956
1777277251.0998888,21,8,16,1.495850488851532,-1.9670655216294581,-1.477765289613377,-1.1371429396967012,1.6401524112547796,-0.07087773458114288,0.0003325277316570282
1777277251.0998888,21,9,16,1.4956980625690401,-1.9669928408294033,-1.477393535289612,-1.1382322469319943,1.639942912547275,-0.07027709810598759,0.0015226552099585533
1777277251.0998888,21,10,16,1.4941522448436482,-1.9662225984959116,-1.4760827480785594,-1.1375179853763888,1.6414659705890706,-0.06993664517306553,0.0014191127487123013
1777277251.0998888,21,11,16,1.493882365678823,-1.9657867185745117,-1.4755459552939374,-1.1379564690939128,1.6405423123796221,-0.06941897315888546,0.0014604701404273511
1777277251.0998888,21,12,16,1.4938153387965305,-1.965619776393883,-1.4758653976416163,-1.1386114541469643,1.6404127607412817,-0.07034615017710655,0.0017765800602436066
1777277251.0998888,21,13,16,1.4937291520027065,-1.964786772815148,-1.474817942740001,-1.1401177776677778,1.6401616765538831,-0.07199465911546632,0.0011126568598151209
1777277251.0998888,21,14,16,1.4934399160779435,-1.9638313540763486,-1.475194153456695,-1.1387494953172959,1.63936109511001,-0.07232637127989239,0.0012624433210194112
1777277251.0998888,21,15,16,1.4926735852328197,-1.962997172443772,-1.4762341641564858,-1.1384683379336058,1.6398304014736598,-0.07308448726745187,0.002843112105667591
1777277252.3369446,22,0,16,1.4946122848031838,-1.9634273523160892,-1.4782517940304383,-1.1448392306652047,1.6417997825886794,-0.07655742662119858,0.0011953120504617691
1777277252.3369446,22,1,16,1.4933405456752817,-1.9645776792093226,-1.4798352821042444,-1.1456698122069866,1.6425005859723252,-0.0736018814337257,-0.000314590303838253
1777277252.3369446,22,2,16,1.4941205574846326,-1.9636041969782851,-1.4788352270183278,-1.144139686734377,1.6418282828654538,-0.07340186351464062,0.0011208806639313698
1777277252.3369446,22,3,16,1.493496318380678,-1.9642565314881502,-1.478905719051931,-1.1432955040772828,1.6415671206334164,-0.07403935689695429,0.0019361099415421486
1777277252.3369446,22,4,16,1.4923429835690722,-1.962991848006059,-1.4796868031943848,-1.1425146579571643,1.6416477449905267,-0.07449460525612484,0.0026373084280192855
1777277252.3369446,22,5,16,1.4909220005412442,-1.9621469955959314,-1.4780009193648707,-1.1443035091232852,1.6410730255309374,-0.07290407674878907,-0.0013426254111528397
1777277252.3369446,22,6,16,1.4920763852110162,-1.9618865603307127,-1.4777996727114662,-1.1428817358193,1.6415359112048575,-0.0759017961442554,0.0005363350510597229
1777277252.3369446,22,7,16,1.4928786736983293,-1.9608286338344483,-1.4772923528891695,-1.144731335250453,1.6411624817228656,-0.07363553339243567,0.0005327892804443836
1777277252.3369446,22,8,16,1.491363564324296,-1.9620482780986523,-1.4769739233580654,-1.1433524460600446,1.6403279004240954,-0.07509349357758088,-4.469458758831025e-06
1777277252.3369446,22,9,16,1.4915723220590131,-1.9606400257070802,-1.477745385743059,-1.1440265132748773,1.6415829420798385,-0.07708434928203689,0.00042728025734424594
1777277252.3369446,22,10,16,1.489583300147185,-1.959279544252448,-1.4769949899428205,-1.143973834328258,1.6410347452162206,-0.07762303556047623,0.0010357523727715016
1777277252.3369446,22,11,16,1.487351662574783,-1.9578026744929125,-1.4776572707010551,-1.143288551268336,1.6410635164081733,-0.07843640048890477,0.0017135904881358148
1777277252.3369446,22,12,16,1.486236549162037,-1.954785798117228,-1.4759273799913675,-1.144401964958007,1.6407051227185858,-0.07719273481138822,0.0006023340587317944
1777277252.3369446,22,13,16,1.484497557534081,-1.9531825863514896,-1.4778419578034623,-1.1435209374885376,1.640241830671898,-0.07747812090278505,0.0013846085270941258
1777277252.3369446,22,14,16,1.483714576594604,-1.9523418656664295,-1.4777433601099095,-1.1424925815199973,1.6404853021427819,-0.07590478257349165,0.002768174180477858
1777277252.3369446,22,15,16,1.4832072654439,-1.9526591719076838,-1.4777097345996275,-1.1423004911414294,1.64104858898184,-0.07479958523690045,0.003744512548148632
